,athlete_id,name,born_date,born_city,born_region,born_country,NOColympic_new,height_cm,weight_kg,died_date,first_name,born_time,born_day,NOCnocs,country_fullname,notes
21999,22158,Cecil Kershaw,1895-02-03,Dhaka (Dacca),Dhaka,BAN,Great Britain,173.0,,1972-11-01,Cecil,1895-02-03,3.0,BAN,Bangladesh,
25614,25806,Subimal Goswami,1938-01-15,Kishoreganj,Dhaka,BAN,India,175.0,56.0,2020-04-30,Subimal,1938-01-15,15.0,BAN,Bangladesh,
68712,69229,William Knyvett,1882-05-28,Jessore,Khulna,BAN,Great Britain,,,1929-02-13,William,1882-05-28,28.0,BAN,Bangladesh,
103790,104784,Asif Khan,1986-02-15,Pabna,Rajshahi,BAN,Bangladesh,170.0,60.0,,Asif,1986-02-15,15.0,BAN,Bangladesh,
119401,121209,Mohammed Milon,1993-02-25,Dhaka (Dacca),Dhaka,BAN,Bangladesh,174.0,60.0,,Mohammed,1993-02-25,25.0,BAN,Bangladesh,
119426,121236,Sharmin Ratna,1988-03-24,Magura,Khulna,BAN,Bangladesh,160.0,71.0,,Sharmin,1988-03-24,24.0,BAN,Bangladesh,
122335,124407,Mohammad Mahfizur Rahman,1993-05-15,Pabna,Rajshahi,BAN,Bangladesh,172.0,71.0,,Mohammad,1993-05-15,15.0,BAN,Bangladesh,
126742,129123,Shamoli Ray,1994-04-05,Narail,Khulna,BAN,Bangladesh,,,,Shamoli,1994-04-05,5.0,BAN,Bangladesh,
126743,129124,Shirin Akter,1994-10-12,Satkhira,Khulna,BAN,Bangladesh,159.0,50.0,,Shirin,1994-10-12,12.0,BAN,Bangladesh,
129990,132639,Masbah Ahmmed,1995-03-11,Bagerhat,Khulna,BAN,Bangladesh,,,,Masbah,1995-03-11,11.0,BAN,Bangladesh,
129991,132640,Siddikur Rahman,1984-11-20,Dhaka (Dacca),Dhaka,BAN,Bangladesh,165.0,84.0,,Siddikur,1984-11-20,20.0,BAN,Bangladesh,
129992,132641,Abdullah Hel Baki,1989-08-01,Gazipur,Dhaka,BAN,Bangladesh,170.0,82.0,,Abdullah,1989-08-01,1.0,BAN,Bangladesh,
80,81,George Caridia,1869-02-20,Kolkata (Calcutta),West Bengal,IND,Great Britain,,,1937-04-21,George,1869-02-20,20.0,IND,India,
101,102,Algernon Kingscote,1888-02-03,Bengaluru (Bangalore),Karnataka,IND,Great Britain,,,1964-12-21,Algernon,1888-02-03,3.0,IND,India,
270,271,Nora Polley,1894-07-29,Budaun,Uttar Pradesh,IND,India,,,1988-01-01,Nora,1894-07-29,29.0,IND,India,
273,274,Zeeshan Ali,1970-01-01,Kolkata (Calcutta),West Bengal,IND,India,180.0,64.0,,Zeeshan,1970-01-01,1.0,IND,India,
274,275,Anand Amritraj,1952-03-20,Chennai (Madras),Tamil Nadu,IND,India,185.0,77.0,,Anand,1952-03-20,20.0,IND,India,
275,276,Vijay Amritraj,1953-12-14,Chennai (Madras),Tamil Nadu,IND,India,193.0,75.0,,Vijay,1953-12-14,14.0,IND,India,
278,279,Mahesh Bhupathi,1974-06-07,Chennai (Madras),Tamil Nadu,IND,India,185.0,88.0,,Mahesh,1974-06-07,7.0,IND,India,
279,280,Ali Athar Fyzee,1883-08-28,Mumbai,Maharashtra,IND,India,,,1963-11-03,Ali,1883-08-28,28.0,IND,India,
281,282,S. M. Hadi,1899-08-12,Hyderabad,Andhra Pradesh,IND,India,,,1971-07-14,S.,1899-08-12,12.0,IND,India,
282,283,Sydney Jacob,1879-10-28,Kasauli,Himachal Pradesh,IND,India,,,1977-02-14,Sydney,1879-10-28,28.0,IND,India,
283,284,Ramesh Krishnan,1961-06-05,Chennai (Madras),Tamil Nadu,IND,India,170.0,63.0,,Ramesh,1961-06-05,5.0,IND,India,
285,286,Kamlesh Mehta,1960-05-01,Mumbai,Maharashtra,IND,India,,,,Kamlesh,1960-05-01,1.0,IND,India,
286,287,Leander Paes,1973-06-17,Kolkata (Calcutta),West Bengal,IND,India,178.0,77.0,,Leander,1973-06-17,17.0,IND,India,
741,745,Claude Russell-Brown,1873-04-11,Nainital,Uttarakhand,IND,Canada,,,1939-01-19,Claude,1873-04-11,11.0,IND,India,
748,752,Anil Kaul,1964-12-25,Amritsar,Punjab,IND,Canada,182.0,76.0,,Anil,1964-12-25,25.0,IND,India,
1892,1902,Shyam Lal Meena,1965-03-04,Banswara,Rajasthan,IND,India,165.0,62.0,,Shyam,1965-03-04,4.0,IND,India,
1893,1903,Sanjeev Singh,1965-11-18,Patna,Bihar,IND,India,174.0,59.0,,Sanjeev,1965-11-18,18.0,IND,India,
3858,3871,Robert Cranston,1928-10-30,Gooty,Andhra Pradesh,IND,India,,,2014-06-09,Robert,1928-10-30,30.0,IND,India,
3863,3876,Mac Joachim,1925-01-01,Kolkata (Calcutta),West Bengal,IND,India,,,2013-01-01,Mac,1925-01-01,1.0,IND,India,
3866,3879,C. C. Machiah,1954-03-08,Kodagu (Coorg),Karnataka,IND,India,,,,C.,1954-03-08,8.0,IND,India,
3867,3880,Sakti Mazumdar,1931-11-13,Kolkata (Calcutta),West Bengal,IND,India,,,2021-05-21,Sakti,1931-11-13,13.0,IND,India,
3868,3881,Ganapathy Manoharan,1958-06-02,Vellore,Tamil Nadu,IND,India,166.0,55.0,,Ganapathy,1958-06-02,2.0,IND,India,
3869,3882,Mehtab Singh,1948-01-05,Isharwal,Haryana,IND,India,174.0,79.0,2021-01-06,Mehtab,1948-01-05,5.0,IND,India,
3872,3885,Johnny Nuttall,1919-04-11,Kolkata (Calcutta),West Bengal,IND,India,,,2005-11-07,Johnny,1919-04-11,11.0,IND,India,
3878,3891,Gurcharan Singh,1977-04-10,Rurewal,Punjab,IND,India,191.0,81.0,,Gurcharan,1977-04-10,10.0,IND,India,
3879,3892,Kaur Singh,1950-08-09,Sangrur,Punjab,IND,India,188.0,91.0,2023-04-26,Kaur,1950-08-09,9.0,IND,India,
3884,3897,Oscar Ward,1927-10-15,Jabalpur,Madhya Pradesh,IND,India,,,,Oscar,1927-10-15,15.0,IND,India,
3885,3898,Dharmendra Yadav,1972-12-29,New Delhi,National Capital Territory of Delhi,IND,India,162.0,51.0,,Dharmendra,1972-12-29,29.0,IND,India,
4652,4668,Vanlal Dawla,1947-11-10,Chawngtui,Mizoram,IND,Myanmar,157.0,48.0,,Vanlal,1947-11-10,10.0,IND,India,
9738,9793,Alistair Wilson,1939-08-20,Kolkata (Calcutta),West Bengal,IND,Great Britain,175.0,73.0,,Alistair,1939-08-20,20.0,IND,India,
12923,12994,Frank Weldon,1913-08-02,Mumbai,Maharashtra,IND,Great Britain,175.0,66.0,1993-09-21,Frank,1913-08-02,2.0,IND,India,
14593,14691,Bapoo Malcolm,1912-12-12,Mumbai,Maharashtra,IND,India,,,1982-01-19,Bapoo,1912-12-12,12.0,IND,India,
16474,16590,Amar Singh Billing,1944-01-10,Patiala,Punjab,IND,India,175.0,62.0,2022-01-01,Amar,1944-01-10,10.0,IND,India,
17022,17140,Wazir Ali,1928-02-15,Jalandhar,Punjab,IND,Pakistan,,,1999-12-20,Wazir,1928-02-15,15.0,IND,India,
17391,17511,Kevin Carton,1933-10-26,Lucknow,Uttar Pradesh,IND,Australia,174.0,64.0,2017-08-03,Kevin,1933-10-26,26.0,IND,India,
17440,17560,Eric Pearce,1931-10-29,Jabalpur,Madhya Pradesh,IND,Australia,180.0,76.0,,Eric,1931-10-29,29.0,IND,India,
17441,17561,Gordon Pearce,1934-01-10,Jabalpur,Madhya Pradesh,IND,Australia,175.0,70.0,,Gordon,1934-01-10,10.0,IND,India,
17442,17562,Julian Pearce,1937-04-15,Jabalpur,Madhya Pradesh,IND,Australia,183.0,77.0,,Julian,1937-04-15,15.0,IND,India,
17443,17563,Mel Pearce,1928-01-09,Jabalpur,Madhya Pradesh,IND,Australia,,,2011-04-27,Mel,1928-01-09,9.0,IND,India,
17664,17785,Ron Aldridge,1933-07-08,Chennai (Madras),Tamil Nadu,IND,Canada,180.0,67.0,,Ron,1933-07-08,8.0,IND,India,
17665,17786,Derrick Anderson,1936-06-20,Kolkata (Calcutta),West Bengal,IND,Canada,180.0,75.0,,Derrick,1936-06-20,20.0,IND,India,
17674,17795,Bubli Chohan,1957-07-02,Ludhiana,Punjab,IND,Canada,175.0,77.0,,Bubli,1957-07-02,2.0,IND,India,
17721,17842,John Daunt,1865-12-30,Muzaffarpur,Bihar,IND,France,,,1952-07-16,John,1865-12-30,30.0,IND,India,
17809,17930,Neville Lytton,1879-02-06,Kolkata (Calcutta),West Bengal,IND,Great Britain,,,1951-02-09,Neville,1879-02-06,6.0,IND,India,
18017,18138,Margaret Abbott,1876-06-15,Kolkata (Calcutta),West Bengal,IND,United States,,,1955-06-10,Margaret,1876-06-15,15.0,IND,India,
18176,18297,Sarbjit Singh Dusang,1952-09-06,Powadara,Punjab,IND,Canada,175.0,84.0,,Sarbjit,1952-09-06,6.0,IND,India,
18180,18301,Kuldip Singh Gosal,1946-06-23,Jalandhar,Punjab,IND,"Canada Hong Kong, China",170.0,70.0,,Kuldip,1946-06-23,23.0,IND,India,
18198,18319,Harbhajan Rai,1961-12-27,Jalandhar,Punjab,IND,Canada,173.0,62.0,,Harbhajan,1961-12-27,27.0,IND,India,
18200,18321,Alan Raphael,1931-12-26,Kolkata (Calcutta),West Bengal,IND,Canada,170.0,68.0,2018-10-22,Alan,1931-12-26,26.0,IND,India,
18475,18601,Joseph Goubert,1908-11-25,Puducherry,Puducherry,IND,France,,,,Joseph,1908-11-25,25.0,IND,India,
18592,18719,Kulbir Bhaura,1955-10-15,Jalandhar,Punjab,IND,Great Britain,178.0,72.0,,Kulbir,1955-10-15,15.0,IND,India,
18611,18738,John Conroy,1928-11-27,Nagpur,Maharashtra,IND,Great Britain,,,1985-11-09,John,1928-11-27,27.0,IND,India,
18639,18767,Charles Foulkes,1875-02-01,Bengaluru (Bangalore),Karnataka,IND,Great Britain,,,1969-05-06,Charles,1875-02-01,1.0,IND,India,
18676,18804,Robin Lindsay,1914-01-11,Delhi,National Capital Territory of Delhi,IND,Great Britain,,,2011-04-06,Robin,1914-01-11,11.0,IND,India,
18701,18829,Richard Norris,1931-12-10,Mumbai,Maharashtra,IND,Great Britain,,,2012-08-25,Richard,1931-12-10,10.0,IND,India,
18704,18832,Richard Oliver,1944-09-25,Kulu,Haryana,IND,Great Britain,175.0,76.0,,Richard,1944-09-25,25.0,IND,India,
18714,18842,Charles Power,1878-08-26,Coonoor,Tamil Nadu,IND,Great Britain,,,1953-03-26,Charles,1878-08-26,26.0,IND,India,
18719,18847,Frank Reynolds,1917-08-21,Wellington,Tamil Nadu,IND,Great Britain,,,2001-03-20,Frank,1917-08-21,21.0,IND,India,
18728,18856,Frederick Scott,1932-11-29,Mumbai,Maharashtra,IND,Great Britain,,,2017-01-01,Frederick,1932-11-29,29.0,IND,India,
18735,18863,Soma Singh,1965-07-26,Sangatpur,Punjab,IND,Great Britain,183.0,82.0,,Soma,1965-07-26,26.0,IND,India,
18744,18872,John Taylor,1928-03-18,Bengaluru (Bangalore),Karnataka,IND,Great Britain,,,2015-03-09,John,1928-03-18,18.0,IND,India,
18994,19127,Gangotri Bhandari,1956-08-13,Jaipur,Rajasthan,IND,India,147.0,,,Gangotri,1956-08-13,13.0,IND,India,
19002,19135,Eliza Nelson,1956-09-27,Pune (Poona),Maharashtra,IND,India,160.0,,,Eliza,1956-09-27,27.0,IND,India,
19005,19138,Varsha Soni,1957-03-12,Jaipur,Rajasthan,IND,India,158.0,,,Varsha,1957-03-12,12.0,IND,India,
19009,19142,Ajit Lakra,1966-01-09,Pelsera,Bihar,IND,India,,,,Ajit,1966-01-09,9.0,IND,India,
19012,19145,Richard Allen,1902-06-04,Nagpur,Maharashtra,IND,India,172.0,,1969-01-01,Richard,1902-06-04,4.0,IND,India,
19014,19147,Joe Antic,1931-03-13,Secunderabad,Andhra Pradesh,IND,India,168.0,59.0,2016-07-12,Joe,1931-03-13,13.0,IND,India,
19015,19148,Dhyan Chand,1905-08-28,Allahabad,Uttar Pradesh,IND,India,169.0,,1979-12-03,Dhyan,1905-08-28,28.0,IND,India,
19016,19149,Roop Singh,1910-09-08,Jabalpur,Madhya Pradesh,IND,India,170.0,,1977-12-16,Roop,1910-09-08,8.0,IND,India,
19017,19150,Subramani Balada Kalaiah,1962-04-24,Kodagu (Coorg),Karnataka,IND,India,160.0,56.0,,Subramani,1962-04-24,24.0,IND,India,
19018,19151,Ashish Kumar Ballal,1970-10-08,Mumbai,Maharashtra,IND,India,,,,Ashish,1970-10-08,8.0,IND,India,
19019,19152,Vasudevan Bhaskaran,1950-08-17,Aarani,Tamil Nadu,IND,India,174.0,68.0,,Vasudevan,1950-08-17,17.0,IND,India,
19021,19154,Dickie Carr,1911-01-21,Jha Jha,Bihar,IND,India,180.0,,2000-04-25,Dickie,1911-01-21,21.0,IND,India,
19025,19158,Rajendra Christy,1938-07-01,Bengaluru (Bangalore),Karnataka,IND,India,165.0,58.0,1992-12-22,Rajendra,1938-07-01,1.0,IND,India,
19026,19159,Leslie Claudius,1927-03-25,Bilaspur,Chhattisgarh,IND,India,162.0,53.0,2012-12-20,Leslie,1927-03-25,25.0,IND,India,
19027,19160,Ernie Goodsir-Cullen,1912-07-15,Kasauli,Himachal Pradesh,IND,India,,,1993-01-01,Ernie,1912-07-15,15.0,IND,India,
19028,19161,Willie Goodsir-Cullen,1907-03-29,Firozpur,Punjab,IND,India,,,1994-06-15,Willie,1907-03-29,29.0,IND,India,
19029,19162,Meldric daLuz,1921-02-01,Kolkata (Calcutta),West Bengal,IND,India,,,2011-08-02,Meldric,1921-02-01,1.0,IND,India,
19031,19164,Chinnadorai Desamuthu,1932-10-26,Bengaluru (Bangalore),Karnataka,IND,India,,,2017-01-01,Chinnadorai,1932-10-26,26.0,IND,India,
19032,19166,Baljit Singh Dhillon,1973-06-18,Jalandhar,Punjab,IND,India,175.0,72.0,,Baljit,1973-06-18,18.0,IND,India,
19039,19173,Lionel Emmett,1913-01-08,Achalpur,Maharashtra,IND,India,,,1996-08-09,Lionel,1913-01-08,8.0,IND,India,
19046,19180,Joe Galibardy,1915-01-10,Chennai (Madras),Tamil Nadu,IND,India,,,2011-05-17,Joe,1915-01-10,10.0,IND,India,
19047,19181,Michael Gateley,1904-06-13,Delhi,National Capital Territory of Delhi,IND,India,,,,Michael,1904-06-13,13.0,IND,India,
19048,19182,Gerry Glackan,1923-08-08,Jabalpur,Madhya Pradesh,IND,India,,,1965-01-01,Gerry,1923-08-08,8.0,IND,India,
19052,19186,Leslie Hammond,1905-03-04,Chennai (Madras),Tamil Nadu,IND,India,184.0,,1955-06-26,Leslie,1905-03-04,4.0,IND,India,
19053,19187,Arthur Hind,1904-10-20,Delhi,National Capital Territory of Delhi,IND,India,173.0,,1991-11-20,Arthur,1904-10-20,20.0,IND,India,
19057,19191,Pat Jansen,1920-12-14,Arkonam,Tamil Nadu,IND,India,,,2003-11-23,Pat,1920-12-14,14.0,IND,India,
19058,19192,Jude Sebastian,1965-01-26,Bengaluru (Bangalore),Karnataka,IND,India,162.0,62.0,,Jude,1965-01-26,26.0,IND,India,
19059,19193,Maharaj Krishon Kaushik,1955-05-02,New Delhi,National Capital Territory of Delhi,IND,India,163.0,60.0,2021-05-08,Maharaj,1955-05-02,2.0,IND,India,
19060,19194,Hari Pal Kaushik,1934-02-02,Jalandhar,Punjab,IND,India,178.0,77.0,2018-01-25,Hari,1934-02-02,2.0,IND,India,
19063,19197,Aslam Sher Khan,1953-08-15,Bhopal,Madhya Pradesh,IND,India,163.0,76.0,,Aslam,1953-08-15,15.0,IND,India,
19065,19199,Michael Kindo,1947-06-20,Simdega,Jharkhand,IND,India,170.0,62.0,2020-12-31,Michael,1947-06-20,20.0,IND,India,
19067,19201,Ashok Kumar,1950-06-01,Jhansi,Uttar Pradesh,IND,India,170.0,57.0,,Ashok,1950-06-01,1.0,IND,India,
19068,19202,Ashok Kumar,1966-04-08,Jalandhar,Punjab,IND,India,167.0,65.0,,Ashok,1966-04-08,8.0,IND,India,
19073,19207,Kishan Lal,1917-02-02,Mhow,Madhya Pradesh,IND,India,,,1980-06-23,Kishan,1917-02-02,2.0,IND,India,
19077,19211,Shankar Laxman,1933-07-07,Mhow,Madhya Pradesh,IND,India,167.0,64.0,2006-04-29,Shankar,1933-07-07,7.0,IND,India,
19079,19213,George Marthins,1905-12-24,Chennai (Madras),Tamil Nadu,IND,India,,,1989-03-23,George,1905-12-24,24.0,IND,India,
19080,19214,Mirza Nasir-ud-Din Masood,1906-04-23,Delhi,National Capital Territory of Delhi,IND,India,,,1991-09-21,Mirza,1906-04-23,23.0,IND,India,
19081,19215,Cyril Michie,1900-08-20,Danapur,Bihar,IND,India,,,1966-11-10,Cyril,1900-08-20,20.0,IND,India,
19083,19217,Muhammad Shahid,1960-04-14,Varanasi,Uttar Pradesh,IND,India,160.0,66.0,2016-07-20,Muhammad,1960-04-14,14.0,IND,India,
19084,19218,M. P. Ganesh,1946-07-08,Kodagu (Coorg),Karnataka,IND,India,172.0,66.0,,M.,1946-07-08,8.0,IND,India,
19085,19219,Mukesh Kumar Nandanoori,1970-04-16,Hyderabad,Andhra Pradesh,IND,India,175.0,64.0,,Mukesh,1970-04-16,16.0,IND,India,
19087,19221,Baboo Nimal,1908-03-15,Khadki,Maharashtra,IND,India,,,1998-02-21,Baboo,1908-03-15,15.0,IND,India,
19090,19224,Mark Patterson,1969-05-26,Madurai,Tamil Nadu,IND,India,164.0,66.0,,Mark,1969-05-26,26.0,IND,India,
19092,19226,Krishnamurty Perumal,1947-09-26,Chennai (Madras),Tamil Nadu,IND,India,174.0,78.0,,Krishnamurty,1947-09-26,26.0,IND,India,
19093,19227,V. J. Peter,1937-06-19,Chennai (Madras),Tamil Nadu,IND,India,165.0,59.0,1998-06-30,V.,1937-06-19,19.0,IND,India,
19096,19230,Dhanraj Pillay,1968-07-16,Kirkee,Maharashtra,IND,India,170.0,68.0,,Dhanraj,1968-07-16,16.0,IND,India,
19097,19231,Eric Pinniger,1902-12-28,Saharanpur,Uttar Pradesh,IND,India,180.0,,1996-12-30,Eric,1902-12-28,28.0,IND,India,
19102,19236,Jaswant Rajput,1926-01-01,Delhi,National Capital Territory of Delhi,IND,India,,,2015-01-28,Jaswant,1926-01-01,1.0,IND,India,
19103,19237,Inam-ur Rahman,1943-11-23,Bhopal,Madhya Pradesh,IND,India,169.0,68.0,,Inam-ur,1943-11-23,23.0,IND,India,
19104,19238,Riaz Nabi Muhammad,1972-05-06,Chennai (Madras),Tamil Nadu,IND,India,,,,Riaz,1972-05-06,6.0,IND,India,
19107,19241,Munir Sait,1940-05-27,Chennai (Madras),Tamil Nadu,IND,India,170.0,65.0,,Munir,1940-05-27,27.0,IND,India,
19108,19242,Govind Sawant,1935-11-28,Vadodara,Gujarat,IND,India,171.0,60.0,2001-09-08,Govind,1935-11-28,28.0,IND,India,
19112,19246,Frederick Seaman,1906-01-02,Allahabad,Uttar Pradesh,IND,India,,,2000-09-21,Frederick,1906-01-02,2.0,IND,India,
19118,19252,Amarjit Rana,1960-02-03,Khusropur,Punjab,IND,India,175.0,63.0,,Amarjit,1960-02-03,3.0,IND,India,
19123,19258,Baldev Singh,1951-08-23,Bhagrari,Punjab,IND,India,182.0,71.0,,Baldev,1951-08-23,23.0,IND,India,
19124,19259,Baljit Singh Saini,1976-08-12,Rupnagar,Punjab,IND,India,176.0,60.0,,Baljit,1976-08-12,12.0,IND,India,
19125,19260,Balwinder Singh,1965-09-24,Amritsar,Punjab,IND,India,175.0,64.0,,Balwinder,1965-09-24,24.0,IND,India,
19127,19262,Charanjit Singh,1931-02-22,Mairi,Himachal Pradesh,IND,India,175.0,58.0,2022-01-27,Charanjit,1931-02-22,22.0,IND,India,
19129,19264,Devinder Singh,1952-12-07,Behla,Punjab,IND,India,175.0,73.0,,Devinder,1952-12-07,7.0,IND,India,
19131,19266,Dharam Singh,1937-10-30,Fatuwal,Punjab,IND,India,170.0,65.0,,Dharam,1937-10-30,30.0,IND,India,
19135,19270,Gurmail Singh,1959-12-10,Khusropur,Punjab,IND,India,170.0,62.0,,Gurmail,1959-12-10,10.0,IND,India,
19137,19272,Harcharan Singh,1950-01-15,Marar,Punjab,IND,India,175.0,68.0,,Harcharan,1950-01-15,15.0,IND,India,
19138,19273,Hardeep Singh,1960-10-05,Ludhiana,Punjab,IND,India,168.0,65.0,,Hardeep,1960-10-05,5.0,IND,India,
19141,19276,Gogi Singh,1944-02-25,Faridkot,Punjab,IND,India,173.0,68.0,2001-08-19,Gogi,1944-02-25,25.0,IND,India,
19142,19277,Jagbir Singh,1965-02-20,Agra,Uttar Pradesh,IND,India,180.0,71.0,,Jagbir,1965-02-20,20.0,IND,India,
19143,19278,Jagjit Singh,1944-01-01,Jalandhar,Punjab,IND,India,170.0,58.0,2010-11-16,Jagjit,1944-01-01,1.0,IND,India,
19144,19279,Jaipal Singh,1903-01-03,Khooty,Jharkhand,IND,India,,,1970-03-20,Jaipal,1903-01-03,3.0,IND,India,
19146,19281,Gindi Singh,1940-08-03,Delhi,National Capital Territory of Delhi,IND,India,171.0,65.0,2002-11-06,Gindi,1940-08-03,3.0,IND,India,
19148,19283,Kunwar Digvijay Singh,1922-02-22,Barabanki,Uttar Pradesh,IND,India,,,1978-03-27,Kunwar,1922-02-22,22.0,IND,India,
19149,19284,Mohinder Singh,1953-04-03,Jalandhar,Punjab,IND,India,171.0,62.0,1977-09-20,Mohinder,1953-04-03,3.0,IND,India,
19150,19285,Mohinder Pal Singh,1962-10-16,Meerut,Uttar Pradesh,IND,India,178.0,78.0,,Mohinder,1962-10-16,16.0,IND,India,
19153,19288,Pargat Singh,1965-03-05,Mithapur,Gujarat,IND,India,170.0,68.0,,Pargat,1965-03-05,5.0,IND,India,
19157,19292,Rajinder Singh,1958-01-07,Amritsar,Punjab,IND,India,175.0,67.0,,Rajinder,1958-01-07,7.0,IND,India,
19158,19293,Ramandeep Singh Grewal,1971-08-08,Chandigarh,Chandigarh,IND,India,182.0,76.0,,Ramandeep,1971-08-08,8.0,IND,India,
19159,19294,Ravinder Pal Singh,1960-09-06,Sitapur,Uttar Pradesh,IND,India,168.0,63.0,2021-05-08,Ravinder,1960-09-06,6.0,IND,India,
19161,19296,Surinder Singh Sodhi,1957-06-22,Firozpur,Punjab,IND,India,178.0,83.0,,Surinder,1957-06-22,22.0,IND,India,
19164,19299,Thoiba Singh,1955-12-01,Imphal,Manipur,IND,India,164.0,63.0,,Thoiba,1955-12-01,1.0,IND,India,
19166,19301,Varinder Singh,1947-05-16,Dhannowali,Punjab,IND,India,160.0,58.0,2022-06-28,Varinder,1947-05-16,16.0,IND,India,
19167,19302,Vivek Singh,1967-08-01,Varanasi,Uttar Pradesh,IND,India,176.0,59.0,2007-02-02,Vivek,1967-08-01,1.0,IND,India,
19170,19305,"Balbir Singh, Sr.",1923-12-31,Haripur Khalsa,Punjab,IND,India,,,2020-05-25,Balbir,1923-12-31,31.0,IND,India,
19171,19306,Hardayal Singh,1928-11-28,Lucknow,Uttar Pradesh,IND,India,,,2018-08-17,Hardayal,1928-11-28,28.0,IND,India,
19173,19308,Randhir Singh Gentle,1922-09-22,Delhi,National Capital Territory of Delhi,IND,India Uganda,,,1981-09-25,Randhir,1922-09-22,22.0,IND,India,
19174,19309,Balkrishan Singh,1933-03-10,Patiala,Punjab,IND,India,,,2004-12-31,Balkrishan,1933-03-10,10.0,IND,India,
19179,19314,Carlyle Tapsell,1909-07-24,Adra,West Bengal,IND,India,182.0,,1975-09-06,Carlyle,1909-07-24,24.0,IND,India,
19273,19409,Resham Singh Baines,1944-10-17,Bains,Punjab,IND,Kenya,177.0,68.0,,Resham,1944-10-17,17.0,IND,India,
19290,19427,Alu Mendonca,1933-01-05,Anjuna,Goa,IND,Kenya,175.0,60.0,2017-03-10,Alu,1933-01-05,5.0,IND,India,
19323,19461,Santokh Singh Matharu,1942-03-08,Dhadda Daultpur,Punjab,IND,Kenya,178.0,68.0,2011-07-21,Santokh,1942-03-08,8.0,IND,India,
19324,19462,Jagnandan Singh,1929-01-11,Ludhiana,Punjab,IND,Kenya,167.0,55.0,2016-02-09,Jagnandan,1929-01-11,11.0,IND,India,
19769,19908,Tony Hayde,1932-12-05,Dehradun,Uttar Pradesh,IND,New Zealand,,,2014-11-20,Tony,1932-12-05,5.0,IND,India,
19824,19963,Abdul Waheed Khan,1936-11-30,Rajpur,Madhya Pradesh,IND,Pakistan,174.0,60.0,2022-02-21,Abdul,1936-11-30,30.0,IND,India,
19834,19973,Mukhtar Bhatti,1932-01-01,Gurdaspur,Punjab,IND,Pakistan,,,1997-01-01,Mukhtar,1932-01-01,1.0,IND,India,
19835,19974,Hamidullah Burki,1920-11-10,Jalandhar,Punjab,IND,Pakistan,,,2003-09-27,Hamidullah,1920-11-10,10.0,IND,India,
19838,19977,Munir Ahmed Dar,1935-03-28,Amritsar,Punjab,IND,Pakistan,171.0,73.0,2011-06-01,Munir,1935-03-28,28.0,IND,India,
19839,19978,Tanvir Dar,1937-06-04,Amritsar,Punjab,IND,Pakistan,167.0,81.0,1998-02-11,Tanvir,1937-06-04,4.0,IND,India,
19843,19983,Ghulam Rasool,1931-05-01,Amritsar,Punjab,IND,Pakistan,175.0,72.0,1991-12-24,Ghulam,1931-05-01,1.0,IND,India,
19845,19985,Habibur Rehman,1925-08-15,Bhopal,Madhya Pradesh,IND,Pakistan,,,1984-01-19,Habibur,1925-08-15,15.0,IND,India,
19858,19998,Abdul Qayyum Khan,1922-01-01,Delhi,National Capital Territory of Delhi,IND,Pakistan,,,,Abdul,1922-01-01,1.0,IND,India,
19859,19999,Anwar Ahmed Khan,1933-09-24,Bhopal,Madhya Pradesh,IND,Pakistan,179.0,82.0,2014-05-02,Anwar,1933-09-24,24.0,IND,India,
19861,20001,Aziz-ur Rehman,1923-01-01,Delhi,National Capital Territory of Delhi,IND,Pakistan,,,2014-01-01,Aziz-ur,1923-01-01,1.0,IND,India,
19863,20003,Niaz Khan,1917-08-21,Jalandhar,Punjab,IND,Pakistan,,,2001-10-19,Niaz,1917-08-21,21.0,IND,India,
19868,20008,Khawaja Muhammad Taqi,1918-01-01,Delhi,National Capital Territory of Delhi,IND,Pakistan,,,,Khawaja,1918-01-01,1.0,IND,India,
19870,20010,Khurshid Aslam,1936-04-06,Lucknow,Uttar Pradesh,IND,Pakistan,179.0,70.0,1993-01-01,Khurshid,1936-04-06,6.0,IND,India,
19872,20012,Habib Ali Kiddie,1929-12-07,Delhi,National Capital Territory of Delhi,IND,Pakistan,173.0,60.0,1987-01-01,Habib,1929-12-07,7.0,IND,India,
19873,20013,Latif-ur Rehman,1929-01-01,Indore,Madhya Pradesh,IND,India Pakistan,,,1987-02-27,Latif-ur,1929-01-01,1.0,IND,India,
19883,20023,Masood Ahmed,1918-01-01,Amritsar,Punjab,IND,Pakistan,,,,Masood,1918-01-01,1.0,IND,India,
19894,20035,Mushtaq Ahmed,1932-08-28,Amritsar,Punjab,IND,Pakistan,173.0,61.0,2011-04-23,Mushtaq,1932-08-28,28.0,IND,India,
19931,20073,Tariq Aziz,1938-02-05,Amritsar,Punjab,IND,Pakistan,178.0,71.0,,Tariq,1938-02-05,5.0,IND,India,
19937,20079,Khawaja Zaka-ud-Din,1936-10-27,Jalandhar,Punjab,IND,Pakistan,168.0,68.0,,Khawaja,1936-10-27,27.0,IND,India,
20025,20167,Burdett Coutts,1919-09-21,Kochi,Kerala,IND,Singapore,,,2016-03-17,Burdett,1919-09-21,21.0,IND,India,
20132,20275,Jagdish Singh Kapoor,1947-09-12,Patiala,Punjab,IND,Uganda,160.0,60.0,,Jagdish,1947-09-12,12.0,IND,India,
20136,20279,Ajaip Singh Matharu,1938-03-11,Tuse,Punjab,IND,Uganda,177.0,72.0,,Ajaip,1938-03-11,11.0,IND,India,
20141,20284,Ajit Singh Bhogal,1942-11-05,Jalandhar,Punjab,IND,Uganda,174.0,71.0,,Ajit,1942-11-05,5.0,IND,India,
20142,20285,Avtar Singh Bhurji,1944-12-15,Bikaner,Rajasthan,IND,Uganda,161.0,64.0,,Avtar,1944-12-15,15.0,IND,India,
20235,20379,Mohammed Barakat,1967-03-03,Sangrur,Punjab,IND,United States,178.0,70.0,,Mohammed,1967-03-03,3.0,IND,India,
21945,22101,Ronald Campbell,1878-09-14,Chennai (Madras),Tamil Nadu,IND,Great Britain,178.0,,1963-03-07,Ronald,1878-09-14,14.0,IND,India,
22407,22576,Brian Hamilton,1937-11-13,Pune (Poona),Maharashtra,IND,Ireland,175.0,65.0,,Brian,1937-11-13,13.0,IND,India,
23226,23402,Rolf Edling,1943-11-30,Mumbai,Maharashtra,IND,Sweden,196.0,91.0,,Rolf,1943-11-30,30.0,IND,India,
25075,25265,John Nicholas,1879-07-24,Allahabad,Uttar Pradesh,IND,Great Britain,,,1929-09-29,John,1879-07-24,24.0,IND,India,
25107,25297,Harold Walden,1887-10-10,Ambala,Haryana,IND,Great Britain,,,1955-12-02,Harold,1887-10-10,10.0,IND,India,
25603,25795,Talimeren Ao,1918-01-28,Changki,Nagaland,IND,India,178.0,,1998-09-13,Talimeren,1918-01-28,28.0,IND,India,
25606,25798,Sayed Khwaja Aziz-ud-Din,1930-07-12,Gocha Mahal,Andhra Pradesh,IND,India,,,1998-01-01,Sayed,1930-07-12,12.0,IND,India,
25607,25799,Tulasidas Balaram,1936-11-30,Secunderabad,Andhra Pradesh,IND,India,171.0,56.0,2023-02-16,Tulasidas,1936-11-30,30.0,IND,India,
25608,25800,PK Banerjee,1936-10-15,Jalpaiguri,West Bengal,IND,India,173.0,65.0,2020-03-20,PK,1936-10-15,15.0,IND,India,
25609,25801,Samar Banerjee,1930-01-30,Bali,Rajasthan,IND,India,,,2022-08-20,Samar,1930-01-30,30.0,IND,India,
25610,25802,S. A. Basheer,1924-01-01,Bengaluru (Bangalore),Karnataka,IND,India,,,1987-01-01,S.,1924-01-01,1.0,IND,India,
25611,25803,Menon Chandrasekhar,1936-07-10,Irinjalakuda,Kerala,IND,India,170.0,63.0,2021-08-24,Menon,1936-07-10,10.0,IND,India,
25617,25809,Dharmalingam Kannan,1936-07-08,Secunderabad,Andhra Pradesh,IND,India,163.0,54.0,2006-05-19,Dharmalingam,1936-07-08,8.0,IND,India,
25618,25810,Mariappa Kempaiah,1933-02-10,Bengaluru (Bangalore),Karnataka,IND,India,165.0,62.0,2008-07-02,Mariappa,1933-02-10,10.0,IND,India,
25620,25812,Youssef Khan,1937-08-05,Hyderabad,Andhra Pradesh,IND,India,172.0,56.0,2006-07-01,Youssef,1937-08-05,5.0,IND,India,
25622,25814,Sheikh Abdul Latif,1928-08-15,Purnia,Bihar,IND,India,180.0,68.0,2000-02-02,Sheikh,1928-08-15,15.0,IND,India,
25623,25815,Sailen Manna,1924-09-01,Howrah,West Bengal,IND,India,,,2012-02-27,Sailen,1924-09-01,1.0,IND,India,
25627,25819,Nikhil Nandy,1932-01-01,Kolkata (Calcutta),West Bengal,IND,India,,,2020-12-29,Nikhil,1932-01-01,1.0,IND,India,
25628,25820,Subramaniam Narayan,1934-11-12,Ottapalam,Kerala,IND,India,185.0,69.0,2021-08-05,Subramaniam,1934-11-12,12.0,IND,India,
25633,25825,Bahadur Chettri Ram,1937-02-15,Dehradun,Uttar Pradesh,IND,India,157.0,59.0,2000-12-04,Bahadur,1937-02-15,15.0,IND,India,
25635,25827,Abdul Rehman,1934-01-01,Kozhikode (Calicut),Kerala,IND,India,,,2002-12-14,Abdul,1934-01-01,1.0,IND,India,
25637,25829,Mohammad Sattar,1925-01-01,Bengaluru (Bangalore),Karnataka,IND,India,,,2011-04-23,Mohammad,1925-01-01,1.0,IND,India,
25640,25832,Chandan Singh Rawat,1928-07-26,Darjeeling,West Bengal,IND,India,,,2008-07-24,Chandan,1928-07-26,26.0,IND,India,
25641,25833,Simon Sunder Raj,1937-11-09,Thanjavur (Tanjore),Tamil Nadu,IND,India,173.0,63.0,,Simon,1937-11-09,9.0,IND,India,
25642,25834,Peter Thangaraj,1935-12-24,Hyderabad,Andhra Pradesh,IND,India,190.0,85.0,2008-11-24,Peter,1935-12-24,24.0,IND,India,
25643,25835,P. Venkatesh,1926-01-01,Bengaluru (Bangalore),Karnataka,IND,India,,,1977-06-01,P.,1926-01-01,1.0,IND,India,
25644,25836,KV Varadaraj,1924-05-07,Mysore,Karnataka,IND,India,,,2011-12-20,KV,1924-05-07,7.0,IND,India,
28248,28460,Midge Moreman,1902-10-17,Mount Abu,Rajasthan,IND,Great Britain,,,1987-01-01,Midge,1902-10-17,17.0,IND,India,
30206,30437,Anant Ram,1932-10-21,Behran,Himachal Pradesh,IND,India,,,,Anant,1932-10-21,21.0,IND,India,
30207,30438,Khushi Ram,1916-01-15,Gurdaspur,Punjab,IND,India,,,,Khushi,1916-01-15,15.0,IND,India,
30208,30439,Pritam Singh,1924-10-17,Garhshankar,Punjab,IND,India,,,,Pritam,1924-10-17,17.0,IND,India,
30210,30441,Vir Singh,1930-07-08,Gurdaspur,Punjab,IND,India,,,2006-06-29,Vir,1930-07-08,8.0,IND,India,
33237,33489,Cawas Billimoria,1962-10-25,Mumbai,Maharashtra,IND,India,,,,Cawas,1962-10-25,25.0,IND,India,
33284,33536,Sandeep Byala,1967-11-22,Amritsar,Punjab,IND,India,,,,Sandeep,1967-11-22,22.0,IND,India,
34106,34370,Narinder Singh,1969-05-28,Delhi,National Capital Territory of Delhi,IND,India,,,2016-02-05,Narinder,1969-05-28,28.0,IND,India,
34505,34774,Edward Clarke,1888-10-01,Lucknow,Uttar Pradesh,IND,Great Britain,,,1982-05-16,Edward,1888-10-01,1.0,IND,India,
34508,34777,Lance East,1901-05-22,Chennai (Madras),Tamil Nadu,IND,Great Britain,,,1993-06-23,Lance,1901-05-22,22.0,IND,India,
34515,34784,Brian Horrocks,1895-09-07,Ranikhet,Uttarakhand,IND,Great Britain,,,1985-01-04,Brian,1895-09-07,7.0,IND,India,
35110,35383,Terry Davies,1933-10-18,Kolkata (Calcutta),West Bengal,IND,Australia,183.0,85.0,2022-07-31,Terry,1933-10-18,18.0,IND,India,
36915,37210,Richard Bate,1938-10-22,Kolkata (Calcutta),West Bengal,IND,Great Britain,183.0,77.0,,Richard,1938-10-22,22.0,IND,India,
37140,37435,Tony Purssell,1926-07-05,Shimla,Himachal Pradesh,IND,Great Britain,,,,Tony,1926-07-05,5.0,IND,India,
41939,42262,Jocelyn Barlow,1901-08-26,Pune (Poona),Maharashtra,IND,Great Britain,,,1975-01-31,Jocelyn,1901-08-26,26.0,IND,India,
42070,42393,John Palin,1934-07-16,Chennai (Madras),Tamil Nadu,IND,Great Britain,178.0,83.0,,John,1934-07-16,16.0,IND,India,
42515,42838,Harihar Banerjee,1922-04-15,Kolkata (Calcutta),West Bengal,IND,India,,,1999-03-28,Harihar,1922-04-15,15.0,IND,India,
42522,42845,Keshav Sen,1923-09-21,Kharwa,Madhya Pradesh,IND,India,172.0,72.0,,Keshav,1923-09-21,21.0,IND,India,
42524,42847,Jaspal Rana,1976-06-28,Uttarkashi,Uttar Pradesh,IND,India,175.0,85.0,,Jaspal,1976-06-28,28.0,IND,India,
42528,42851,Karni Singh,1924-04-21,Bikaner,Rajasthan,IND,India,174.0,99.0,1988-09-06,Karni,1924-04-21,21.0,IND,India,
42529,42852,Mansher Singh,1965-12-01,Kolkata (Calcutta),West Bengal,IND,India,173.0,76.0,,Mansher,1965-12-01,1.0,IND,India,
42530,42853,Randhir Singh,1946-10-18,Patiala,Punjab,IND,India,178.0,68.0,,Randhir,1946-10-18,18.0,IND,India,
43266,43600,Muhammad Iqbal,1929-05-10,Kolkata (Calcutta),West Bengal,IND,Pakistan,172.0,73.0,,Muhammad,1929-05-10,10.0,IND,India,
43267,43601,Zafar Ahmed Muhammad,1913-07-10,Qadian,Punjab,IND,Pakistan,172.0,83.0,,Zafar,1913-07-10,10.0,IND,India,
46816,47165,Sheila Watt,1941-01-27,Pitapuram,Andhra Pradesh,IND,Great Britain,164.0,64.0,2023-03-10,Sheila,1941-01-27,27.0,IND,India,
47050,47400,Peter Squires,1936-05-28,Mumbai,Maharashtra,IND,Great Britain,168.0,63.0,2011-09-16,Peter,1936-05-28,28.0,IND,India,
47923,48275,Arati Saha,1940-09-24,Kolkata (Calcutta),West Bengal,IND,India,,,1994-08-23,Arati,1940-09-24,24.0,IND,India,
47924,48276,Shrichand Bajaj,1933-10-01,Mumbai,Maharashtra,IND,India,,,2005-07-20,Shrichand,1933-10-01,1.0,IND,India,
47927,48279,Nalin Malik,1910-01-01,Kolkata (Calcutta),West Bengal,IND,India,170.0,,,Nalin,1910-01-01,1.0,IND,India,
47928,48280,Shamsher Khan,1931-01-01,Kaithepalle,Andhra Pradesh,IND,India,,,2017-10-15,Shamsher,1931-01-01,1.0,IND,India,
47929,48281,Khazan Singh Tokas,1964-05-06,Munirka ,National Capital Territory of Delhi,IND,India,183.0,,,Khazan,1964-05-06,6.0,IND,India,
47930,48282,Isaac Mansoor,1929-05-30,Mumbai,Maharashtra,IND,India,,,2006-01-01,Isaac,1929-05-30,30.0,IND,India,
47931,48283,Prafulla Mullick,1919-01-01,Kolkata (Calcutta),West Bengal,IND,India,,,1974-01-01,Prafulla,1919-01-01,1.0,IND,India,
53843,54229,Sachin Nag,1920-07-05,Varanasi,Uttar Pradesh,IND,India,,,1987-08-19,Sachin,1920-07-05,5.0,IND,India,
53847,54233,David Sopher,1929-02-01,Mumbai,Maharashtra,IND,India,,,2019-02-14,David,1929-02-01,1.0,IND,India,
55613,56009,Laxmi Kanta Das,1938-07-01,Kolkata (Calcutta),West Bengal,IND,India,,,,Laxmi,1938-07-01,1.0,IND,India,
55627,56023,Satheesha Rai,1971-08-27,Mangaluru (Mangalore),Karnataka,IND,India,,,,Satheesha,1971-08-27,27.0,IND,India,
56044,56442,Rory Barrett,1945-12-31,Mumbai,Maharashtra,IND,New Zealand,185.0,110.0,,Rory,1945-12-31,31.0,IND,India,
58269,58683,Ganpat Andhalkar,1935-04-15,Punwat,Maharashtra,IND,India,183.0,97.0,2018-09-16,Ganpat,1935-04-15,15.0,IND,India,
58273,58687,Udey Chand,1937-07-24,Hisar District,Haryana,IND,India,175.0,70.0,,Udey,1937-07-24,24.0,IND,India,
58278,58692,Parkash Gian,1937-06-19,Delhi,National Capital Territory of Delhi,IND,India,165.0,67.0,,Parkash,1937-06-19,19.0,IND,India,
58279,58693,Harishchandra Birajdar,1950-06-05,Nilangana,Maharashtra,IND,India,192.0,100.0,2011-09-14,Harishchandra,1950-06-05,5.0,IND,India,
58290,58704,Maruti Mane,1938-08-10,Kavthepiran,Maharashtra,IND,India,175.0,97.0,2010-07-27,Maruti,1938-08-10,10.0,IND,India,
58300,58714,Prem Nath,1951-07-01,Delhi,National Capital Territory of Delhi,IND,India,160.0,57.0,2015-06-02,Prem,1951-07-01,1.0,IND,India,
58301,58715,Chandgi Ram,1937-11-09,Sisar,Haryana,IND,India,192.0,90.0,2010-06-29,Chandgi,1937-11-09,9.0,IND,India,
58305,58719,Satpal Singh,1955-02-01,Bawana,National Capital Territory of Delhi,IND,India,182.0,,,Satpal,1955-02-01,1.0,IND,India,
58307,58721,Sundar Shyam,1930-07-05,Amritsar,Punjab,IND,India,170.0,61.0,2020-03-26,Sundar,1930-07-05,5.0,IND,India,
58308,58722,Dinkkarao Shinde,1900-01-01,Kolhapur,Maharashtra,IND,India,,,,Dinkkarao,1900-01-01,1.0,IND,India,
58309,58723,Bakshish Singh,1924-01-20,Jind,Haryana,IND,India,,,,Bakshish,1924-01-20,20.0,IND,India,
58311,58725,Bishambar Singh,1940-10-10,Bahipur,Uttar Pradesh,IND,India,156.0,57.0,2004-01-01,Bishambar,1940-10-10,10.0,IND,India,
58317,58732,Kartar Dhillon Singh,1953-10-07,Sur Singh Wala,Punjab,IND,India,175.0,100.0,,Kartar,1953-10-07,7.0,IND,India,
58319,58734,Madho Singh,1929-07-01,Hoshiarpur District,Punjab,IND,India,170.0,78.0,2006-01-01,Madho,1929-07-01,1.0,IND,India,
58321,58736,Malwa Singh,1946-03-20,Delhi,National Capital Territory of Delhi,IND,India,137.0,52.0,1990-04-27,Malwa,1946-03-20,20.0,IND,India,
58325,58740,Sajan Singh,1932-04-24,Mahendragarh district,Haryana,IND,India,180.0,86.0,,Sajan,1932-04-24,24.0,IND,India,
58327,58743,Shankarrao Thorat,1909-12-12,Vadodara,Gujarat,IND,India,,,1983-01-01,Shankarrao,1909-12-12,12.0,IND,India,
59132,59557,Muhammad Akhtar,1930-09-11,Amritsar,Punjab,IND,Pakistan,167.0,62.0,,Muhammad,1930-09-11,11.0,IND,India,
59138,59563,Muhammad Ashraf-Din,1934-06-30,Jalandhar,Punjab,IND,Pakistan,170.0,67.0,,Muhammad,1934-06-30,30.0,IND,India,
59148,59574,Muhammad Taj,1943-12-10,Rangpur,Gujarat,IND,Pakistan,164.0,70.0,,Muhammad,1943-12-10,10.0,IND,India,
60816,61255,Ahmed Abdul Basith,1942-01-09,Hyderabad,Andhra Pradesh,IND,India,178.0,75.0,2021-01-01,Ahmed,1942-01-09,9.0,IND,India,
61449,61898,Edward Dyson,1919-10-10,Coimbatore,Tamil Nadu,IND,Great Britain,,,2020-03-05,Edward,1919-10-10,10.0,IND,India,
61527,61976,Philip Falle,1885-03-19,Kolkata (Calcutta),West Bengal,IND,Great Britain,,,1936-01-02,Philip,1885-03-19,19.0,IND,India,
62023,62479,Harry Jefferson,1849-03-09,Mumbai,Maharashtra,IND,Great Britain,,,1918-06-23,Harry,1849-03-09,9.0,IND,India,
62073,62530,Robin Judah,1930-06-18,Kolkata (Calcutta),West Bengal,IND,Great Britain,179.0,63.0,2021-08-12,Robin,1930-06-18,18.0,IND,India,
62508,62972,Thomas McMeekin,1866-12-31,Cachar,Assam,IND,Great Britain,,,1946-10-24,Thomas,1866-12-31,31.0,IND,India,
63392,63868,Farokh Tarapore,1960-08-03,Satpati,Maharashtra,IND,India,179.0,60.0,,Farokh,1960-08-03,3.0,IND,India,
68101,68617,Audrey Brown,1913-05-24,Bankura,West Bengal,IND,Great Britain,,,2005-06-11,Audrey,1913-05-24,24.0,IND,India,
68383,68900,Derek Boosey,1942-07-15,Pune (Poona),Maharashtra,IND,Great Britain,183.0,75.0,,Derek,1942-07-15,15.0,IND,India,
68400,68917,Godfrey Brown,1915-02-21,Bankura,West Bengal,IND,Great Britain,183.0,70.0,1995-02-04,Godfrey,1915-02-21,21.0,IND,India,
68461,68978,Jerry Cornes,1910-03-23,Darjeeling,West Bengal,IND,Great Britain,182.0,70.0,2001-06-19,Jerry,1910-03-23,23.0,IND,India,
68517,69034,Launceston Elliot,1874-06-09,Mumbai,Maharashtra,IND,Great Britain,188.0,102.0,1930-08-08,Launceston,1874-06-09,9.0,IND,India,
68556,69073,Charles Gmelin,1872-05-28,Krishnagar,West Bengal,IND,Great Britain,,,1950-10-12,Charles,1872-05-28,28.0,IND,India,
68566,69083,Tim Graham,1939-05-31,Chennai (Madras),Tamil Nadu,IND,Great Britain,178.0,65.0,,Tim,1939-05-31,31.0,IND,India,
68603,69120,Eric Harrison,1893-03-23,Belagavi (Belgaum),Karnataka,IND,Great Britain,,,1987-12-12,Eric,1893-03-23,23.0,IND,India,
69085,69603,Ken Wilmshurst,1931-04-09,Kolkata (Calcutta),West Bengal,IND,Great Britain,187.0,75.0,1992-10-03,Ken,1931-04-09,9.0,IND,India,
69609,70130,Manisha Malhotra,1976-09-19,Mumbai,Maharashtra,IND,India,,,,Manisha,1976-09-19,19.0,IND,India,
70520,71045,Nirupama Vaidyanathan,1975-01-01,Coimbatore,Tamil Nadu,IND,India,170.0,62.0,,Nirupama,1975-01-01,1.0,IND,India,
70831,71362,K. M. Beenamol,1975-08-15,Kombidinjal,Kerala,IND,India,163.0,50.0,,K.,1975-08-15,15.0,IND,India,
70834,71365,Kamaljit Sandhu,1948-08-20,Firozpur,Punjab,IND,India,168.0,60.0,,Kamaljit,1948-08-20,20.0,IND,India,
70837,71368,P. T. Usha,1964-05-20,Payyoli,Kerala,IND,India,170.0,57.0,,P.,1964-05-20,20.0,IND,India,
70841,71372,Suresh Babu,1953-02-10,Kollam,Kerala,IND,India,187.0,72.0,2011-02-19,Suresh,1953-02-10,10.0,IND,India,
70842,71373,Purma Bannerjee,1897-01-01,Kolkata (Calcutta),West Bengal,IND,India,,,,Purma,1897-01-01,1.0,IND,India,
70846,71377,Ronald Burns,1903-10-09,Kasauli,Himachal Pradesh,IND,India,,,1985-06-07,Ronald,1903-10-09,9.0,IND,India,
70849,71380,Phadeppa Chaugule,1902-01-01,Belagavi (Belgaum),Karnataka,IND,India,,,1952-01-01,Phadeppa,1902-01-01,1.0,IND,India,
70853,71384,Mehar Chand Dhawan,1912-06-03,Shimla,Himachal Pradesh,IND,India,,,,Mehar,1912-06-03,3.0,IND,India,
70858,71389,Ivan Jacob,1925-07-15,Kollam,Kerala,IND,India,,,2009-02-05,Ivan,1925-07-15,15.0,IND,India,
70859,71390,Raj Joshi Tilak,1936-09-01,Gurdaspur,Punjab,IND,India,171.0,60.0,,Raj,1936-09-01,1.0,IND,India,
70860,71391,Praveen Kumar,1947-12-06,Sirhali,Punjab,IND,India,200.0,123.0,2022-02-07,Praveen,1947-12-06,6.0,IND,India,
70862,71393,Cheruvari Lakshmanan,1898-04-05,Kannur,Kerala,IND,India,,,1970-10-03,Cheruvari,1898-04-05,5.0,IND,India,
70863,71394,Lal Chand,1928-07-19,Bahadurpur,Gujarat,IND,India,177.0,62.0,,Lal,1928-07-19,19.0,IND,India,
70866,71397,Amrit Pal,1939-06-05,Gurdaspur,Punjab,IND,India,178.0,67.0,,Amrit,1939-06-05,5.0,IND,India,
70868,71399,Eric Prabhakar,1925-02-23,Chennai (Madras),Tamil Nadu,IND,India,,,2011-09-10,Eric,1925-02-23,23.0,IND,India,
70871,71402,Terence Pitt,1903-11-30,Khidirpur,West Bengal,IND,India,,,1957-01-01,Terence,1903-11-30,30.0,IND,India,
70872,71403,Ken Powell,1940-04-20,Kolar,Karnataka,IND,India,171.0,61.0,2022-12-11,Ken,1940-04-20,20.0,IND,India,
70874,71405,Norman Pritchard,1875-06-23,Kolkata (Calcutta),West Bengal,IND,India,,,1929-10-30,Norman,1875-06-23,23.0,IND,India,
70876,71407,Ram Mehar,1934-05-24,Bhaproda,Haryana,IND,India,,,,Ram,1934-05-24,24.0,IND,India,
70877,71409,Henry Rebello,1928-11-17,Lucknow,Uttar Pradesh,IND,India,,,2013-08-27,Henry,1928-11-17,17.0,IND,India,
70879,71411,Eddie Sequeira,1942-02-06,Mumbai,Maharashtra,IND,India,172.0,54.0,,Eddie,1942-02-06,6.0,IND,India,
70880,71412,Ajmer Singh,1940-02-01,Kup Kalan,Punjab,IND,India,185.0,73.0,2010-01-26,Ajmer,1940-02-01,1.0,IND,India,
70882,71414,Bhim Singh,1945-04-12,Dhanana,Haryana,IND,India,184.0,71.0,,Bhim,1945-04-12,12.0,IND,India,
70884,71416,Dalip Singh,1899-04-27,Dolon,Punjab,IND,India,,,,Dalip,1899-04-27,27.0,IND,India,
70889,71421,Jagmohan Singh,1932-04-01,Rajoana Kalan,Punjab,IND,India,183.0,71.0,2020-11-16,Jagmohan,1932-04-01,1.0,IND,India,
70891,71423,Makhan Singh,1938-10-20,Bathula,Punjab,IND,India,167.0,67.0,2002-01-21,Makhan,1938-10-20,20.0,IND,India,
70893,71425,Mohinder Singh,1934-03-15,Khan Khana,Punjab,IND,India,,,2002-05-26,Mohinder,1934-03-15,15.0,IND,India,
70897,71429,Sri Ram Singh,1950-06-21,Badnagar,Madhya Pradesh,IND,India,178.0,63.0,,Sri,1950-06-21,21.0,IND,India,
70898,71430,Virsa Singh,1933-04-16,Raila,Rajasthan,IND,India,179.0,72.0,2019-01-01,Virsa,1933-04-16,16.0,IND,India,
70903,71435,Ajit Singh,1931-11-05,Patiala,Punjab,IND,India,,,,Ajit,1931-11-05,5.0,IND,India,
70905,71437,Vijay Singh Chauhan,1949-01-21,Jaitpur Kalan,Uttar Pradesh,IND,India,183.0,78.0,,Vijay,1949-01-21,21.0,IND,India,
70911,71443,Surat Singh,1930-08-22,Delhi,National Capital Territory of Delhi,IND,India,,,2021-06-11,Surat,1930-08-22,22.0,IND,India,
70914,71446,Jagmal Singh,1923-03-20,Bhondsi,Haryana,IND,India,173.0,53.0,,Jagmal,1923-03-20,20.0,IND,India,
70918,71450,Bunoo Sutton,1909-06-02,Jabalpur,Madhya Pradesh,IND,India,,,1956-12-20,Bunoo,1909-06-02,2.0,IND,India,
70920,71452,Ronald Vernieux,1910-10-18,Kolkata (Calcutta),West Bengal,IND,India,,,1997-05-25,Ronald,1910-10-18,18.0,IND,India,
70921,71453,Jim Vickers,1922-12-07,Trichur,Kerala,IND,India,,,2016-12-06,Jim,1922-12-07,7.0,IND,India,
70922,71454,Eric Whiteside,1904-10-25,Firozpur,Punjab,IND,India,,,1997-05-12,Eric,1904-10-25,25.0,IND,India,
72084,72630,Shoichiro Takenaka,1912-09-30,Mumbai,Maharashtra,IND,Japan,158.0,46.0,1997-04-04,Shoichiro,1912-09-30,30.0,IND,India,
73842,74411,Mazhar-Ul-Haque Khan,1923-02-23,Bareilly,Uttar Pradesh,IND,Pakistan,,,1997-02-15,Mazhar-Ul-Haque,1923-02-23,23.0,IND,India,
73852,74422,Muhammad Ramzan Ali,1932-12-13,Ludhiana,Punjab,IND,Pakistan,172.0,73.0,,Muhammad,1932-12-13,13.0,IND,India,
80939,81590,Shailaja Kumar,1967-01-17,Delhi,National Capital Territory of Delhi,IND,India,,,,Shailaja,1967-01-17,17.0,IND,India,
82089,82742,Aparna Popat,1978-01-18,Mumbai,Maharashtra,IND,India,160.0,65.0,,Aparna,1978-01-18,18.0,IND,India,
83644,84307,John Boyagis,1928-01-26,Mumbai,Maharashtra,IND,Great Britain,,,2020-07-22,John,1928-01-26,26.0,IND,India,
83729,84393,Ralph Broome,1889-07-05,Dalhousie,Himachal Pradesh,IND,Great Britain,,,1985-01-25,Ralph,1889-07-05,5.0,IND,India,
86338,87027,Saraswati Dey-Saha,1979-11-23,Belonia,Tripura,IND,India,154.0,53.0,,Saraswati,1979-11-23,23.0,IND,India,
86352,87041,Neelam Jaswant Singh Dogra,1971-01-08,Farmana,Haryana,IND,India,167.0,85.0,,Neelam,1971-01-08,8.0,IND,India,
89206,89919,Dingko Singh,1979-01-01,Sekta,Manipur,IND,India,,,2021-06-10,Dingko,1979-01-01,1.0,IND,India,
90937,91661,Robin D'Abreo,1975-03-03,Mumbai,Maharashtra,IND,Canada,178.0,66.0,,Robin,1975-03-03,3.0,IND,India,
90976,91702,Samir Dad,1978-11-25,Bhopal,Madhya Pradesh,IND,India,180.0,67.0,,Samir,1978-11-25,25.0,IND,India,
90977,91703,Sukhbir Singh Gill,1975-12-14,Chandigarh,Chandigarh,IND,India,182.0,74.0,,Sukhbir,1975-12-14,14.0,IND,India,
90978,91704,Jude Menezes,1971-08-05,Mumbai,Maharashtra,IND,India,172.0,75.0,,Jude,1971-08-05,5.0,IND,India,
90980,91706,Thirumal Valavan Selvaraj,1970-11-27,Chennai (Madras),Tamil Nadu,IND,India,172.0,64.0,,Thirumal,1970-11-27,27.0,IND,India,
90981,91707,Gagan Ajit Singh,1980-12-09,Firozpur,Punjab,IND,India,177.0,80.0,,Gagan,1980-12-09,9.0,IND,India,
92335,93075,Abhinav Bindra,1982-09-28,Dehradun,Uttar Pradesh,IND,India,173.0,70.0,,Abhinav,1982-09-28,28.0,IND,India,
92337,93077,Anjali Vedpathak-Bhagwat,1969-12-05,Mumbai,Maharashtra,IND,India,165.0,53.0,,Anjali,1969-12-05,5.0,IND,India,
92783,93528,Nisha Millet,1982-03-20,Bengaluru (Bangalore),Karnataka,IND,India,164.0,58.0,,Nisha,1982-03-20,20.0,IND,India,
93233,93983,Poulomi Ghatak,1983-01-03,Kolkata (Calcutta),West Bengal,IND,India,168.0,51.0,,Poulomi,1983-01-03,3.0,IND,India,
94172,94933,Sanamacha Chanu,1978-10-02,Imphal,Manipur,IND,India,147.0,53.0,,Sanamacha,1978-10-02,2.0,IND,India,
95422,96192,Jeannette Altwegg,1930-09-08,Coimbatore,Tamil Nadu,IND,Great Britain,,,2021-06-18,Jeannette,1930-09-08,8.0,IND,India,
99707,100506,Shiva Keshavan,1981-08-25,Delhi,National Capital Territory of Delhi,IND,Independent Olympic Athletes India,183.0,85.0,,Shiva,1981-08-25,25.0,IND,India,
101593,102499,Abdul Aziz Wains,1932-01-01,Gurdaspur,Punjab,IND,Pakistan,162.0,60.0,,Abdul,1932-01-01,1.0,IND,India,
101677,102603,Pat Sullivan,1909-08-30,Lonavla,Maharashtra,IND,India,173.0,,1981-01-01,Pat,1909-08-30,30.0,IND,India,
101886,102816,Dola Banerjee,1980-06-02,Baranagar,West Bengal,IND,India,162.0,69.0,,Dola,1980-06-02,2.0,IND,India,
101942,102874,Satyadev Prasad,1979-09-19,Uttar Pradesh,Uttar Pradesh,IND,India,170.0,64.0,,Satyadev,1979-09-19,19.0,IND,India,
101943,102875,Tarundeep Rai,1984-02-22,Namchi,Sikkim,IND,India,174.0,60.0,,Tarundeep,1984-02-22,22.0,IND,India,
102568,103520,Nameirakpam Kunjarani Devi,1968-03-01,Imphal,Manipur,IND,India,148.0,48.0,,Nameirakpam,1968-03-01,1.0,IND,India,
102809,103769,Shikha Tandon,1985-01-20,Bengaluru (Bangalore),Karnataka,IND,India,166.0,60.0,,Shikha,1985-01-20,20.0,IND,India,
103319,104295,Paulose Pandari Kunnel,1977-05-21,Kannur,Kerala,IND,India,185.0,78.0,,Paulose,1977-05-21,21.0,IND,India,
103678,104667,Suma Shirur,1974-05-10,Chikballapur,Karnataka,IND,India,160.0,56.0,,Suma,1974-05-10,10.0,IND,India,
103745,104738,Deepali Deshpande,1969-08-03,Mumbai,Maharashtra,IND,India,159.0,54.0,,Deepali,1969-08-03,3.0,IND,India,
103778,104771,Gagan Narang,1983-05-06,Chennai (Madras),Tamil Nadu,IND,India,180.0,115.0,,Gagan,1983-05-06,6.0,IND,India,
103798,104792,Rajyavardhan Rathore,1970-01-29,Jaisalmer,Rajasthan,IND,India,188.0,85.0,,Rajyavardhan,1970-01-29,29.0,IND,India,
103815,104809,Manavjit Singh Sandhu,1976-11-03,Amritsar,Punjab,IND,India,192.0,90.0,,Manavjit,1976-11-03,3.0,IND,India,
103940,104937,Seema Antil-Punia,1983-07-27,Sonepet,Haryana,IND,India,182.0,92.0,,Seema,1983-07-27,27.0,IND,India,
104645,105667,Mathews Binu,1980-12-20,Kombidinjal,Kerala,IND,India,172.0,61.0,,Mathews,1980-12-20,20.0,IND,India,
104694,105716,Vikas Gowda,1983-07-05,Mysore,Karnataka,IND,India,190.0,110.0,,Vikas,1983-07-05,5.0,IND,India,
104819,105845,Nikhil Kanetkar,1979-05-13,Pune (Poona),Maharashtra,IND,India,173.0,63.0,,Nikhil,1979-05-13,13.0,IND,India,
104825,105851,Abhinn Shyam Gupta,1979-10-22,Allahabad,Uttar Pradesh,IND,India,172.0,68.0,,Abhinn,1979-10-22,22.0,IND,India,
105134,106168,Akhil Kumar,1981-03-27,Faizabad,Uttar Pradesh,IND,India,165.0,54.0,,Akhil,1981-03-27,27.0,IND,India,
105156,106190,Diwakar Prasad,1984-09-06,Ranchi,Jharkhand,IND,India,162.0,54.0,,Diwakar,1984-09-06,6.0,IND,India,
105231,106269,Vijender Singh,1985-10-29,Kaluwas,Haryana,IND,India,182.0,75.0,,Vijender,1985-10-29,29.0,IND,India,
105483,106534,Anju Bobby George,1977-04-19,Changanassery,Kerala,IND,India,175.0,62.0,,Anju,1977-04-19,19.0,IND,India,
106357,107447,Mouma Das,1984-02-24,Kolkata (Calcutta),West Bengal,IND,India,149.0,47.0,,Mouma,1984-02-24,24.0,IND,India,
106400,107497,Sharath Kamal Achanta,1982-07-12,Machilipatnam,Andhra Pradesh,IND,India,186.0,85.0,,Sharath,1982-07-12,12.0,IND,India,
106518,107620,Mukesh Khatri,1982-10-08,Bankheri,Madhya Pradesh,IND,India,165.0,55.0,,Mukesh,1982-10-08,8.0,IND,India,
106675,107783,Rajwinder Kaur,1980-01-24,Sabhrai,Gujarat,IND,India,158.0,53.0,,Rajwinder,1980-01-24,24.0,IND,India,
106677,107785,Manjit Kaur,1982-04-04,Abul Kharāna,Punjab,IND,India,175.0,61.0,,Manjit,1982-04-04,4.0,IND,India,
106916,108030,Sujeet Maan,1978-12-15,Delhi,National Capital Territory of Delhi,IND,India,167.0,74.0,,Sujeet,1978-12-15,15.0,IND,India,
106936,108052,Sushil Kumar,1983-05-26,Baprola,National Capital Territory of Delhi,IND,India,166.0,66.0,,Sushil,1983-05-26,26.0,IND,India,
106957,108073,Palwinder Singh Cheema,1982-11-11,Patiala,Punjab,IND,India,195.0,120.0,,Palwinder,1982-11-11,11.0,IND,India,
107001,108119,Anuj Kumar,1980-08-05,Delhi,National Capital Territory of Delhi,IND,India,175.0,84.0,,Anuj,1980-08-05,5.0,IND,India,
107178,108301,Sathi Geetha,1983-07-05,Martur,Andhra Pradesh,IND,India,156.0,52.0,,Sathi,1983-07-05,5.0,IND,India,
107860,108998,Devesh Chauhan,1981-12-11,Etawah,Uttar Pradesh,IND,India,153.0,84.0,,Devesh,1981-12-11,11.0,IND,India,
107863,109001,Vikram Pillay,1981-11-27,Kirkee,Maharashtra,IND,India,162.0,72.0,,Vikram,1981-11-27,27.0,IND,India,
107864,109002,Viren Rasquinha,1980-09-13,Mumbai,Maharashtra,IND,India,170.0,65.0,,Viren,1980-09-13,13.0,IND,India,
107865,109003,Adam Sinclair,1984-02-29,Coimbatore,Tamil Nadu,IND,India,170.0,65.0,,Adam,1984-02-29,29.0,IND,India,
107866,109004,Harpal Singh,1983-10-11,Sirsa,Haryana,IND,India,170.0,68.0,,Harpal,1983-10-11,11.0,IND,India,
107868,109006,Sandeep Singh,1986-02-27,Patiala,Punjab,IND,India,185.0,78.0,,Sandeep,1986-02-27,27.0,IND,India,
109631,110832,Hira Lal,1980-11-26,Manali,Himachal Pradesh,IND,India,177.0,60.0,,Hira,1980-11-26,26.0,IND,India,
109714,110918,Neha Ahuja,1981-09-27,Delhi,National Capital Territory of Delhi,IND,India,162.0,54.0,,Neha,1981-09-27,27.0,IND,India,
110296,111510,Bombayla Devi,1985-02-22,Imphal,Manipur,IND,India,164.0,60.0,,Bombayla,1985-02-22,22.0,IND,India,
110298,111512,Pranitha Vardhineni,1990-11-17,Kalleda,Andhra Pradesh,IND,India,155.0,67.0,,Pranitha,1990-11-17,17.0,IND,India,
110342,111557,Mangal Singh,1983-11-09,Jamshedpur,Jharkhand,IND,India,167.0,82.0,,Mangal,1983-11-09,9.0,IND,India,
110455,111671,Nachhatar Johal,1979-07-15,Jalandhar,Punjab,IND,India,185.0,98.0,,Nachhatar,1979-07-15,15.0,IND,India,
110508,111726,Avneet Sidhu,1981-12-11,Muktsar,Punjab,IND,India,165.0,56.0,,Avneet,1981-12-11,11.0,IND,India,
110527,111746,Samresh Jung,1970-05-19,New Delhi,National Capital Territory of Delhi,IND,India,173.0,105.0,,Samresh,1970-05-19,19.0,IND,India,
110955,112184,Dinesh Kumar,1988-08-25,Bhiwani,Haryana,IND,India,183.0,81.0,,Dinesh,1988-08-25,25.0,IND,India,
111012,112242,Sandeep Sejwal,1989-01-23,New Delhi,National Capital Territory of Delhi,IND,India,181.0,74.0,,Sandeep,1989-01-23,23.0,IND,India,
111116,112350,Bajrang Takhar,1981-01-05,Sikar,Rajasthan,IND,India,185.0,79.0,,Bajrang,1981-01-05,5.0,IND,India,
111249,112486,Saina Nehwal,1990-03-17,Hisar,Haryana,IND,India,167.0,65.0,,Saina,1990-03-17,17.0,IND,India,
111590,112832,Anup Sridhar,1983-04-11,Bengaluru (Bangalore),Karnataka,IND,India,189.0,83.0,,Anup,1983-04-11,11.0,IND,India,
111600,112842,Tania Luiz,1983-08-28,Kochi,Kerala,IND,Australia,160.0,51.0,,Tania,1983-08-28,28.0,IND,India,
111740,112986,Jitender Kumar,1988-07-18,Sisar,Haryana,IND,India,160.0,51.0,,Jitender,1988-07-18,18.0,IND,India,
113134,114424,Krishna Poonia,1977-05-05,Gagarwas,Rajasthan,IND,India,182.0,80.0,,Krishna,1977-05-05,5.0,IND,India,
113215,114506,Preeja Sreedharan,1982-03-13,Mullakkanam,Kerala,IND,India,152.0,47.0,,Preeja,1982-03-13,13.0,IND,India,
113522,114813,Mandeep Kaur,1988-04-19,Jagadhri,Haryana,IND,India,156.0,54.0,,Mandeep,1988-04-19,19.0,IND,India,
113738,115037,Renjith Maheshwary,1986-01-30,Kottayam,Kerala,IND,India,184.0,79.0,,Renjith,1986-01-30,30.0,IND,India,
113827,115127,Rajinder Singh,1959-05-13,Sarih,Punjab,IND,India,,,,Rajinder,1959-05-13,13.0,IND,India,
114280,115587,Virdhawal Khade,1991-08-29,Kolhapur,Maharashtra,IND,India,191.0,83.0,,Virdhawal,1991-08-29,29.0,IND,India,
114994,116323,Jasvir Singh,1977-04-13,Karnana,Punjab,IND,Canada,160.0,62.0,,Jasvir,1977-04-13,13.0,IND,India,
115739,117106,Sandeep Kumar,1983-04-01,Delhi,National Capital Territory of Delhi,IND,Australia,176.0,84.0,,Sandeep,1983-04-01,1.0,IND,India,
115948,117322,Sanjeev Rajput,1981-01-05,Yamuna Nagar,Haryana,IND,India,180.0,69.0,,Sanjeev,1981-01-05,5.0,IND,India,
116117,117500,Neha Aggarwal,1990-01-11,New Delhi,National Capital Territory of Delhi,IND,India,170.0,67.0,,Neha,1990-01-11,11.0,IND,India,
116228,117613,Sania Mirza,1986-11-15,Hyderabad,Andhra Pradesh,IND,India,173.0,57.0,,Sania,1986-11-15,15.0,IND,India,
116948,118381,Jamyang Namgial,1985-06-03,Leh,Jammu and Kashmir,IND,India,170.0,71.0,,Jamyang,1985-06-03,3.0,IND,India,
117361,118849,Tashi Lundup,1984-10-05,Leh,Jammu and Kashmir,IND,India,175.0,74.0,,Tashi,1984-10-05,5.0,IND,India,
118302,119992,Frank Brewin,1909-10-21,Pune (Poona),Maharashtra,IND,India,,,1976-04-21,Frank,1909-10-21,21.0,IND,India,
118455,120170,Irfan Kolothum Thodi,1990-02-08,Kizhuparamba,Kerala,IND,India,170.0,79.0,,Irfan,1990-02-08,8.0,IND,India,
118538,120264,Rushmi Chakravarthi,1977-10-09,Hyderabad,Andhra Pradesh,IND,India,170.0,65.0,,Rushmi,1977-10-09,9.0,IND,India,
118905,120666,Jayanta Talukdar,1986-03-02,Guwahati,Assam,IND,India,178.0,85.0,,Jayanta,1986-03-02,2.0,IND,India,
118906,120667,Deepika Kumari,1994-06-13,Ranchi,Jharkhand,IND,India,163.0,61.0,,Deepika,1994-06-13,13.0,IND,India,
118907,120668,Chekrovolu Swuro,1982-11-21,Phek,Nagaland,IND,India,171.0,73.0,,Chekrovolu,1982-11-21,21.0,IND,India,
118908,120669,Rahul Banerjee,1986-12-15,Kolkata (Calcutta),West Bengal,IND,India,179.0,80.0,,Rahul,1986-12-15,15.0,IND,India,
118972,120751,Devendro Singh Laishram,1992-03-02,Imphal West,Manipur,IND,India,,,,Devendro,1992-03-02,2.0,IND,India,
118973,120752,Jai Bhagwan,1985-05-11,Nirjan,Haryana,IND,India,167.0,60.0,,Jai,1985-05-11,11.0,IND,India,
118985,120764,Gagan Ullalmath,1992-01-08,Bengaluru (Bangalore),Karnataka,IND,India,,,,Gagan,1992-01-08,8.0,IND,India,
118989,120768,Danish Mujtaba,1988-12-20,Allahabad,Uttar Pradesh,IND,India,168.0,66.0,,Danish,1988-12-20,20.0,IND,India,
118991,120770,Manpreet Singh,1992-06-26,Mithapur,Gujarat,IND,India,172.0,69.0,,Manpreet,1992-06-26,26.0,IND,India,
119068,120850,S. K. Uthappa,1993-12-02,Kodagu (Coorg),Karnataka,IND,India,183.0,84.0,,S.,1993-12-02,2.0,IND,India,
119069,120851,Bharat Kumar Chetri,1981-12-15,Darjeeling,West Bengal,IND,India,174.0,75.0,,Bharat,1981-12-15,15.0,IND,India,
119071,120853,Sunil Sowmarpet Vitalacharya,1989-05-06,Kodagu (Coorg),Karnataka,IND,India,176.0,68.0,,Sunil,1989-05-06,6.0,IND,India,
119073,120855,Tushar Khandker,1985-04-05,Jhansi,Uttar Pradesh,IND,India,171.0,,,Tushar,1985-04-05,5.0,IND,India,
119074,120856,Gurvinder Singh Chandi,1989-10-20,Jalandhar,Punjab,IND,India,,,,Gurvinder,1989-10-20,20.0,IND,India,
119207,121001,Rahi Sarnobat,1990-10-30,Kolhapur,Maharashtra,IND,India,158.0,66.0,,Rahi,1990-10-30,30.0,IND,India,
119208,121002,Heena Sidhu,1989-08-29,Ludhiana,Punjab,IND,India,158.0,51.0,,Heena,1989-08-29,29.0,IND,India,
119209,121003,Annu Raj Singh,1984-02-17,Aligarh,Uttar Pradesh,IND,India,164.0,53.0,,Annu,1984-02-17,17.0,IND,India,
119636,121462,Mayookha Johny,1988-04-09,Mumbai,Maharashtra,IND,India,174.0,58.0,,Mayookha,1988-04-09,9.0,IND,India,
119637,121463,Ram Singh Yadav,1980-11-07,Varanassi,Uttar Pradesh,IND,India,,,,Ram,1980-11-07,7.0,IND,India,
119638,121464,Sudha Singh,1986-06-25,Raebareli,Uttar Pradesh,IND,India,158.0,45.0,,Sudha,1986-06-25,25.0,IND,India,
119639,121465,Tintu Luka,1989-04-26,Iritty,Kerala,IND,India,163.0,50.0,,Tintu,1989-04-26,26.0,IND,India,
119641,121467,Om Prakash Singh Karhana,1987-01-11,Gurgaon,Haryana,IND,India,196.0,125.0,,Om,1987-01-11,11.0,IND,India,
119716,121547,Soniya Chanu Ngangbam,1980-02-15,Imphal,Manipur,IND,India,149.0,48.0,,Soniya,1980-02-15,15.0,IND,India,
120554,122479,Soumyajit Ghosh,1993-05-10,Siliguri,West Bengal,IND,India,168.0,69.0,,Soumyajit,1993-05-10,10.0,IND,India,
120556,122481,Ankita Das,1993-07-17,Darjeeling,West Bengal,IND,India,,,,Ankita,1993-07-17,17.0,IND,India,
120557,122482,Shiva Thapa,1993-12-08,Guwahati,Assam,IND,India,169.0,56.0,,Shiva,1993-12-08,8.0,IND,India,
120558,122483,Sumit Sangwan,1993-01-01,Sohana,Punjab,IND,India,,,,Sumit,1993-01-01,1.0,IND,India,
121328,123308,Sahana Kumari,1982-03-06,Someshwar,Karnataka,IND,India,176.0,59.0,,Sahana,1982-03-06,6.0,IND,India,
121367,123352,Narsingh Yadav,1989-08-06,Varanasi,Uttar Pradesh,IND,India,167.0,74.0,,Narsingh,1989-08-06,6.0,IND,India,
121369,123354,Geeta Phogat,1988-12-15,Balali,Haryana,IND,India,153.0,62.0,,Geeta,1988-12-15,15.0,IND,India,
121382,123367,Garima Chaudhary,1990-04-02,Meerut,Uttar Pradesh,IND,India,168.0,63.0,,Garima,1990-04-02,2.0,IND,India,
121851,123874,Rohan Bopanna,1980-03-04,Bengaluru (Bangalore),Karnataka,IND,India,190.0,87.0,,Rohan,1980-03-04,4.0,IND,India,
121852,123875,Somdev Devvarman,1985-02-13,Guwahati,Assam,IND,India,180.0,73.0,,Somdev,1985-02-13,13.0,IND,India,
121855,123878,Jagadeesan Vishnuvardhan,1987-07-27,Secunderabad,Andhra Pradesh,IND,India,188.0,84.0,,Jagadeesan,1987-07-27,27.0,IND,India,
122693,124805,Joydeep Karmakar,1979-12-07,Kolkata (Calcutta),West Bengal,IND,India,177.0,73.0,,Joydeep,1979-12-07,7.0,IND,India,
122697,124809,Ronjan Sodhi,1979-10-23,Firozpur,Punjab,IND,India,175.0,87.0,,Ronjan,1979-10-23,23.0,IND,India,
122740,124856,Shagun Chowdhary,1983-06-26,New Delhi,National Capital Territory of Delhi,IND,India,,,,Shagun,1983-06-26,26.0,IND,India,
122966,125116,Jwala Gutta,1983-09-07,Wardha,Maharashtra,IND,India,178.0,85.0,,Jwala,1983-09-07,7.0,IND,India,
122967,125117,Ashwini Ponnappa,1989-09-18,Bengaluru (Bangalore),Karnataka,IND,India,165.0,59.0,,Ashwini,1989-09-18,18.0,IND,India,
123378,125566,Siona Fernandes,1982-11-13,Ribandar,Goa,IND,New Zealand,163.0,51.0,,Siona,1982-11-13,13.0,IND,India,
123480,125680,Parupalli Kashyap,1986-09-08,Hyderabad,Andhra Pradesh,IND,India,173.0,,,Parupalli,1986-09-08,8.0,IND,India,
123486,125686,V. Diju,1981-01-04,Ramanattukara,Kerala,IND,India,188.0,,,V.,1981-01-04,4.0,IND,India,
125548,127893,Himanshu Thakur,1994-01-09,Burna,Madhya Pradesh,IND,India,167.0,54.0,,Himanshu,1994-01-09,9.0,IND,India,
125549,127894,Nadeem Iqbal,1983-04-03,Rajouri district,Jammu and Kashmir,IND,India,173.0,65.0,,Nadeem,1983-04-03,3.0,IND,India,
128036,130537,Anilda Thomas,1993-05-06,Kothamangalam,Kerala,IND,India,,,,Anilda,1993-05-06,6.0,IND,India,
128037,130540,Dutee Chand,1996-02-03,Gopalpur,Orissa,IND,India,160.0,50.0,,Dutee,1996-02-03,3.0,IND,India,
128038,130541,O. P. Jaisha,1983-05-23,Changanassery,Kerala,IND,India,154.0,43.0,,O.,1983-05-23,23.0,IND,India,
128041,130545,Lalita Babar,1989-06-02,Satara District,Maharashtra,IND,India,166.0,50.0,,Lalita,1989-06-02,2.0,IND,India,
128042,130546,Nirmala Sheoran,1995-07-15,Bhiwani,Haryana,IND,India,,,,Nirmala,1995-07-15,15.0,IND,India,
128044,130548,Sapna Punia,1988-01-02,Jaipur,Rajasthan,IND,India,,,,Sapna,1988-01-02,2.0,IND,India,
128046,130550,P. V. Sindhu,1995-07-05,Hyderabad,Andhra Pradesh,IND,India,179.0,65.0,,P.,1995-07-05,5.0,IND,India,
128047,130551,Aditi Ashok,1998-03-29,Bengaluru (Bangalore),Karnataka,IND,India,173.0,57.0,,Aditi,1998-03-29,29.0,IND,India,
128048,130552,Dipa Karmakar,1993-08-09,Agartala,Tripura,IND,India,151.0,47.0,,Dipa,1993-08-09,9.0,IND,India,
128049,130553,Anuradha Thokchom,1989-02-02,Bishnupur,West Bengal,IND,India,162.0,54.0,,Anuradha,1989-02-02,2.0,IND,India,
128050,130554, Deepika,1987-02-07,Yamunanagar,Haryana,IND,India,159.0,61.0,,,1987-02-07,7.0,IND,India,
128055,130560,Navjot Kaur,1995-03-07,Muzaffarnagar,Uttar Pradesh,IND,India,167.0,53.0,,Navjot,1995-03-07,7.0,IND,India,
128057,130562,Poonam Rani,1993-02-08,Hisar,Haryana,IND,India,152.0,53.0,,Poonam,1993-02-08,8.0,IND,India,
128058,130563,Preeti Dubey,1998-06-13,Gwalior,Madhya Pradesh,IND,India,166.0,53.0,,Preeti,1998-06-13,13.0,IND,India,
128059,130565, Rani,1994-12-04,Shahabad Markanda,Haryana,IND,India,160.0,60.0,,,1994-12-04,4.0,IND,India,
128060,130566,Renuka Yadav,1994-07-18,Rajnandgaon District,Chhattisgarh,IND,India,159.0,53.0,,Renuka,1994-07-18,18.0,IND,India,
128061,130567, Savita,1990-07-11,Sirsa,Haryana,IND,India,171.0,59.0,,,1990-07-11,11.0,IND,India,
128064,130570,Vandana Katariya,1992-04-15,Lucknow,Uttar Pradesh,IND,India,159.0,48.0,,Vandana,1992-04-15,15.0,IND,India,
128065,130571,Apurvi Chandela,1993-01-04,Jaipur,Rajasthan,IND,India,157.0,54.0,,Apurvi,1993-01-04,4.0,IND,India,
128066,130572,Ayonika Paul,1992-09-23,Mumbai,Maharashtra,IND,India,174.0,74.0,,Ayonika,1992-09-23,23.0,IND,India,
128067,130573,Shivani Kataria,1997-09-27,Gurgaon,Haryana,IND,India,163.0,60.0,,Shivani,1997-09-27,27.0,IND,India,
128068,130574,Prarthana Thombare,1994-06-18,Barshi,Maharashtra,IND,India,165.0,58.0,,Prarthana,1994-06-18,18.0,IND,India,
128069,130575,Manika Batra,1995-06-15,Delhi,National Capital Territory of Delhi,IND,India,179.0,63.0,,Manika,1995-06-15,15.0,IND,India,
128070,130576,Mirabai Chanu,1994-08-08,Imphal East,Manipur,IND,India,145.0,48.0,,Mirabai,1994-08-08,8.0,IND,India,
128071,130577,Babita Phogat,1989-11-20,Balali,Haryana,IND,India,165.0,52.0,,Babita,1989-11-20,20.0,IND,India,
128072,130579,Sakshi Malik,1992-09-03,Rohtak,Haryana,IND,India,162.0,58.0,,Sakshi,1992-09-03,3.0,IND,India,
128073,130580, Vinesh,1994-08-25,Balali,Haryana,IND,India,165.0,56.0,,,1994-08-25,25.0,IND,India,
130374,133058,Jagdish Gill,1984-12-05,Kolkata (Calcutta),West Bengal,IND,Canada,175.0,77.0,,Jagdish,1984-12-05,5.0,IND,India,
130375,133059,Keegan Pereira,1991-09-08,Mumbai,Maharashtra,IND,Canada,166.0,59.0,,Keegan,1991-09-08,8.0,IND,India,
131606,134416,Atanu Das,1992-04-05,Kolkata (Calcutta),West Bengal,IND,India,175.0,79.0,,Atanu,1992-04-05,5.0,IND,India,
131607,134417,Ankit Sharma,1992-07-20,Pinahat,Uttar Pradesh,IND,India,177.0,75.0,,Ankit,1992-07-20,20.0,IND,India,
131608,134418,Arokia Rajiv,1991-05-22,Tiruchirappalli,Tamil Nadu,IND,India,175.0,65.0,,Arokia,1991-05-22,22.0,IND,India,
131609,134419,Ayyasamy Dharun,1996-12-31,Chinneripalayam,Tripura,IND,India,177.0,64.0,,Ayyasamy,1996-12-31,31.0,IND,India,
131611,134422,Thonakal Gopi,1988-05-24,Wayanad District,Kerala,IND,India,166.0,56.0,,Thonakal,1988-05-24,24.0,IND,India,
131612,134424,Jinson Johnson,1991-03-15,Chakkittapara,Kerala,IND,India,183.0,70.0,,Jinson,1991-03-15,15.0,IND,India,
131613,134425,Kheta Ram,1986-09-20,Barmer,Rajasthan,IND,India,169.0,53.0,,Kheta,1986-09-20,20.0,IND,India,
131614,134426,Kunhu Muhammed Puthanpurakkal,1987-03-05,Mannarkkad,Kerala,IND,India,170.0,72.0,,Kunhu,1987-03-05,5.0,IND,India,
131615,134428,Manish Singh,1991-05-05,Chamoli,Uttarakhand,IND,India,174.0,65.0,,Manish,1991-05-05,5.0,IND,India,
131616,134430,Mohammad Anas Yahiya,1994-09-17,Nilamel,Kerala,IND,India,177.0,69.0,,Mohammad,1994-09-17,17.0,IND,India,
131617,134431,Nitendra Singh Rawat,1986-09-29,Garur,Uttarakhand,IND,India,172.0,58.0,,Nitendra,1986-09-29,29.0,IND,India,
131618,134432,Sandeep Kumar,1986-05-01,Mahendragarh district,Haryana,IND,India,,,,Sandeep,1986-05-01,1.0,IND,India,
131619,134433,Manu Attri,1992-12-31,Meerut,Uttar Pradesh,IND,India,172.0,73.0,,Manu,1992-12-31,31.0,IND,India,
131620,134434,B. Sumeeth Reddy,1991-09-26,Gungal,Andhra Pradesh,IND,India,182.0,64.0,,B.,1991-09-26,26.0,IND,India,
131621,134435,Srikanth Kidambi,1993-02-07,Guntur,Andhra Pradesh,IND,India,178.0,66.0,,Srikanth,1993-02-07,7.0,IND,India,
131622,134436,Anirban Lahiri,1987-06-29,Pune (Poona),Maharashtra,IND,India,175.0,,,Anirban,1987-06-29,29.0,IND,India,
131623,134437,Shiv Chawrasia,1978-05-15,Kolkata (Calcutta),West Bengal,IND,India,165.0,67.0,,Shiv,1978-05-15,15.0,IND,India,
131624,134438,Akashdeep Singh,1994-12-02,Verowal,Punjab,IND,India,178.0,70.0,,Akashdeep,1994-12-02,2.0,IND,India,
131625,134439,Nikkin Thimmaiah,1991-01-18,Virajpet,Karnataka,IND,India,171.0,61.0,,Nikkin,1991-01-18,18.0,IND,India,
131626,134440,Chinglensana Kangujam,1991-12-02,Imphal,Manipur,IND,India,169.0,72.0,,Chinglensana,1991-12-02,2.0,IND,India,
131627,134441,Devindar Walmiki,1992-05-28,Mumbai,Maharashtra,IND,India,178.0,69.0,,Devindar,1992-05-28,28.0,IND,India,
131628,134442,Kothajit Singh,1992-08-17,Imphal,Manipur,IND,India,170.0,63.0,,Kothajit,1992-08-17,17.0,IND,India,
131629,134444,Rupinder Pal Singh,1990-11-11,Faridkot,Punjab,IND,India,193.0,93.0,,Rupinder,1990-11-11,11.0,IND,India,
131631,134447,Avtar Singh,1992-04-03,Gurdaspur,Punjab,IND,India,180.0,90.0,,Avtar,1992-04-03,3.0,IND,India,
131632,134448,Dattu Baban Bhokanal,1991-04-05,Nashik,Maharashtra,IND,India,189.0,81.0,,Dattu,1991-04-05,5.0,IND,India,
131633,134449,Chain Singh,1989-04-05,Doda,Jammu and Kashmir,IND,India,172.0,68.0,,Chain,1989-04-05,5.0,IND,India,
131634,134450,Gurpreet Singh,1987-12-19,Amritsar,Punjab,IND,India,176.0,81.0,,Gurpreet,1987-12-19,19.0,IND,India,
131636,134452,Kynan Chenai,1991-01-29,Hyderabad,Andhra Pradesh,IND,India,200.0,85.0,,Kynan,1991-01-29,29.0,IND,India,
131637,134453,Mairaj Ahmad Khan,1975-11-02,Khurja,Uttar Pradesh,IND,India,181.0,82.0,,Mairaj,1975-11-02,2.0,IND,India,
131638,134454,Prakash Nanjappa,1976-02-29,Bengaluru (Bangalore),Karnataka,IND,India,175.0,85.0,,Prakash,1976-02-29,29.0,IND,India,
131639,134455,Sajan Prakash,1993-09-14,Idukki,Kerala,IND,India,178.0,70.0,,Sajan,1993-09-14,14.0,IND,India,
131640,134457,Sathish Kumar Sivalingam,1992-06-23,Vellore,Tamil Nadu,IND,India,175.0,77.0,,Sathish,1992-06-23,23.0,IND,India,
131641,134458,Hardeep Singh,1990-12-20,Jind,Haryana,IND,India,183.0,98.0,,Hardeep,1990-12-20,20.0,IND,India,
131642,134459,Ravinder Khatri,1992-05-15,Bodia,Haryana,IND,India,180.0,85.0,,Ravinder,1992-05-15,15.0,IND,India,
131643,134460,Sandeep Tomar,1991-04-02,Sonipat,Haryana,IND,India,168.0,61.0,,Sandeep,1991-04-02,2.0,IND,India,
133666,136644,Ramandeep Singh,1993-04-01,Gurdaspur,Punjab,IND,India,179.0,70.0,,Ramandeep,1993-04-01,1.0,IND,India,
133667,136645,Harmanpreet Singh,1996-01-06,Amritsar,Punjab,IND,India,177.0,70.0,,Harmanpreet,1996-01-06,6.0,IND,India,
133677,136659,Manpreet Kaur,1996-03-05,Patiala,Punjab,IND,India,170.0,89.0,,Manpreet,1996-03-05,5.0,IND,India,
134610,137691,Anice Das,1985-12-31,Mumbai,Maharashtra,IND,Netherlands,170.0,65.0,,Anice,1985-12-31,31.0,IND,India,
140225,143727,Pooja Rani,1991-02-17,Nimriwali,Haryana,IND,India,,,,Pooja,1991-02-17,17.0,IND,India,
140226,143728,Simranjit Kaur Baatth,1995-07-10,Chakar,Punjab,IND,India,,,,Simranjit,1995-07-10,10.0,IND,India,
140227,143729,C. A. Bhavani Devi,1993-08-27,Chennai (Madras),Tamil Nadu,IND,India,168.0,58.0,,C.,1993-08-27,27.0,IND,India,
140232,143735, Warsi,1995-07-09,Sonipat,Haryana,IND,India,,,,,1995-07-09,9.0,IND,India,
140235,143738,Shushila Devi Likmabam,1995-02-01,Guwahati,Assam,IND,India,,,,Shushila,1995-02-01,1.0,IND,India,
140241,143744,Ankita Raina,1993-01-11,Ahmedabad,Gujarat,IND,India,,,,Ankita,1993-01-11,11.0,IND,India,
140260,143763, Amit,1995-10-16,Rohtak,Haryana,IND,India,,,,,1995-10-16,16.0,IND,India,
140261,143764,Ashish Kumar,1994-07-18,Sundernagar,Himachal Pradesh,IND,India,,,,Ashish,1994-07-18,18.0,IND,India,
140262,143765,Manish Kaushik,1996-03-05,Devsar,Gujarat,IND,India,,,,Manish,1996-03-05,5.0,IND,India,
140263,143766,Satish Kumar,1989-05-04,Bulandshahr,Uttar Pradesh,IND,India,188.0,,,Satish,1989-05-04,4.0,IND,India,
140265,143768,Udayan Mane,1991-02-24,Chennai (Madras),Tamil Nadu,IND,India,192.0,,,Udayan,1991-02-24,24.0,IND,India,
140280,143784,Abhishek Verma,1989-08-01,Rohtak,Haryana,IND,India,,,,Abhishek,1989-08-01,1.0,IND,India,
140286,143790,Bajrang Punia,1994-02-26,Khudan,Haryana,IND,India,,,,Bajrang,1994-02-26,26.0,IND,India,
140287,143791,Deepak Punia,1999-05-19,Jhajjar,Haryana,IND,India,,,,Deepak,1999-05-19,19.0,IND,India,
143996,147660,Sumit Nagal,1997-08-16,Jhajjar,Haryana,IND,India,,,,Sumit,1997-08-16,16.0,IND,India,
144114,147784,Diksha Dagar,2000-12-14,Jhajjar,Haryana,IND,India,174.0,,,Diksha,2000-12-14,14.0,IND,India,
144757,148458,Arif Khan,1990-03-09,Gulmarg,Jammu and Kashmir,IND,India,,,,Arif,1990-03-09,9.0,IND,India,
